experiment,hardware_id,model_id,model_revision,device,dtype,num_threads,num_interop_threads,cpu_affinity,attention,use_cache,compile,quantization,context_length,batch_size,output_tokens,seed,ttft_seconds_count,ttft_seconds_mean,ttft_seconds_p50,ttft_seconds_p95,ttft_seconds_p99,ttft_seconds_min,ttft_seconds_max,tpot_seconds_count,tpot_seconds_mean,tpot_seconds_p50,tpot_seconds_p95,tpot_seconds_p99,tpot_seconds_min,tpot_seconds_max,tps_count,tps_mean,tps_p50,tps_p95,tps_p99,tps_min,tps_max,end_to_end_seconds_count,end_to_end_seconds_mean,end_to_end_seconds_p50,end_to_end_seconds_p95,end_to_end_seconds_p99,end_to_end_seconds_min,end_to_end_seconds_max,peak_rss_bytes_max,peak_cuda_allocated_bytes_max,peak_cuda_reserved_bytes_max
gpu_rtx6000_ada_baseline,HKUSTQLAB-6000ADA::NVIDIA RTX 6000 Ada Generation,/data/main/hanxiao/SmolLM2-360M,,cuda,bfloat16,192,192,0-383,sdpa,True,False,none,128,1,64,4012,10,0.04315980179235339,0.04314731410704553,0.043716991972178224,0.04377840248867869,0.042624558322131634,0.04379375511780381,10,0.04344329184719494,0.04341404275259092,0.04390027765923786,0.0439543915560676,0.042884644490504074,0.04396792003027503,10,23.01991433213709,23.034022051046655,23.281610431149538,23.3110179454236,22.743855049577714,23.318369823992118,10,2.780087188165635,2.7778690145350993,2.808849991043098,2.8121524942526595,2.7455263580195606,2.8129781200550497,1634861056,755021312,773849088
gpu_rtx6000_ada_baseline,HKUSTQLAB-6000ADA::NVIDIA RTX 6000 Ada Generation,/data/main/hanxiao/SmolLM2-360M,,cuda,bfloat16,192,192,0-383,sdpa,True,False,none,128,128,64,4012,10,0.12867050068452954,0.12889478588476777,0.13073825920000673,0.13083782548084855,0.12534613208845258,0.130862717051059,10,0.04306475546743189,0.043045564550935986,0.04330851914959827,0.04337008479516954,0.04277996385529164,0.04338547620656235,10,2972.310693603749,2973.59420104323,2988.880031246908,2991.4199173658167,2950.296071214706,2992.0548888955436,10,2.8417500951327384,2.8387576225213706,2.8574681635480372,2.8620315126981586,2.8260004399344325,2.863172349985689,1548992512,1795665408,1994391552
gpu_rtx6000_ada_baseline,HKUSTQLAB-6000ADA::NVIDIA RTX 6000 Ada Generation,/data/main/hanxiao/SmolLM2-360M,,cuda,bfloat16,192,192,0-383,sdpa,True,False,none,128,16,64,4012,10,0.042393583431839944,0.04228044068440795,0.04389396691694856,0.04426657671108842,0.04155254224315286,0.044359729159623384,10,0.04444945713002531,0.04405028210391128,0.046542955623821367,0.04804638669175643,0.04366637973321809,0.048422244458740195,10,360.26166726498684,363.22324083516907,365.82685139372836,366.2970674380301,330.426649546023,366.41462144910554,10,2.842709382623434,2.81741213100031,2.974502356443554,3.069331636223942,2.7927865320816636,3.093038956169039,1640857600,883336704,987758592
gpu_rtx6000_ada_baseline,HKUSTQLAB-6000ADA::NVIDIA RTX 6000 Ada Generation,/data/main/hanxiao/SmolLM2-360M,,cuda,bfloat16,192,192,0-383,sdpa,True,False,none,128,2,64,4012,10,0.043952320516109464,0.04350301017984748,0.04649481805972755,0.04793309061788023,0.042740080039948225,0.048292658757418394,10,0.045163068533061984,0.04465828600916125,0.04784651839078241,0.04898304541765283,0.04396471579278272,0.04926717717437044,10,44.33204946520103,44.78765773633884,45.4689472252547,45.486609713495774,40.5949785375654,45.491025335556046,10,2.8892256380990147,2.8593150910455734,3.0573606339050454,3.1287299204012378,2.813389629125595,3.146572242025286,1640198144,763215360,784334848
gpu_rtx6000_ada_baseline,HKUSTQLAB-6000ADA::NVIDIA RTX 6000 Ada Generation,/data/main/hanxiao/SmolLM2-360M,,cuda,bfloat16,192,192,0-383,sdpa,True,False,none,128,32,64,4012,10,0.0425768272485584,0.04249355266802013,0.044283886719495055,0.0452876484580338,0.041178562212735415,0.045538588892668486,10,0.04522610728495887,0.045144224572660666,0.04560341511941737,0.045671156090905975,0.044697120430923644,0.04568809133377813,10,707.5797077158624,708.8393255860539,712.9496216600271,715.333755549568,700.4013314152555,715.9297890219533,10,2.8918215862009675,2.8864487253595144,2.9162830584682524,2.9193691411055624,2.8577438658103347,2.92014066176489,1641041920,1009036800,1155530752
gpu_rtx6000_ada_baseline,HKUSTQLAB-6000ADA::NVIDIA RTX 6000 Ada Generation,/data/main/hanxiao/SmolLM2-360M,,cuda,bfloat16,192,192,0-383,sdpa,True,False,none,128,4,64,4012,10,0.0438029836397618,0.04364234767854214,0.04499788023531437,0.0455657072365284,0.04299559071660042,0.0457076639868319,10,0.04584832492225346,0.04527140680020527,0.049086759775684816,0.05139410126030386,0.04466715974674102,0.05197093663145862,10,87.40204266507834,88.35604158421756,89.471563566658,89.53531290550245,76.96609411458545,89.55125024021358,10,2.9322474537417293,2.8959251665510237,3.1361300821183242,3.281187478951179,2.858008532319218,3.317451828159392,1640574976,779603456,828375040
gpu_rtx6000_ada_baseline,HKUSTQLAB-6000ADA::NVIDIA RTX 6000 Ada Generation,/data/main/hanxiao/SmolLM2-360M,,cuda,bfloat16,192,192,0-383,sdpa,True,False,none,128,64,64,4012,10,0.05684279473498464,0.05662430124357343,0.05790442321449518,0.05803352128714323,0.055858966894447803,0.05806579580530524,10,0.04446110184792251,0.04421903687854489,0.045105469434536874,0.04511792280859063,0.04398180766858988,0.04512103615210406,10,1439.5902579539847,1447.3407506355547,1454.2902459425181,1454.9757313401872,1418.4071434941013,1455.1471026896045,10,2.857892211154103,2.842426859540865,2.898633060697466,2.8989471990056335,2.828919678926468,2.8990257335826755,1548075008,1273343488,1379926016
gpu_rtx6000_ada_baseline,HKUSTQLAB-6000ADA::NVIDIA RTX 6000 Ada Generation,/data/main/hanxiao/SmolLM2-360M,,cuda,bfloat16,192,192,0-383,sdpa,True,False,none,128,8,64,4012,10,0.041351309744641185,0.041177482111379504,0.04211800668854267,0.04212303968612105,0.040633758995682,0.04212429793551564,10,0.04426994531947588,0.04416393300163604,0.044927023285408575,0.04500326859439531,0.043915887666304436,0.04502232992164199,10,180.720267309781,181.14329011777681,182.0948682205462,182.15210896475907,177.6896045567478,182.16641915081226,10,2.830357864871621,2.823502076091245,2.8724453364033256,2.877313933679834,2.8078715950250626,2.878531082998961,1640755200,813485568,861929472
gpu_rtx6000_ada_baseline,HKUSTQLAB-6000ADA::NVIDIA RTX 6000 Ada Generation,/data/main/hanxiao/SmolLM2-360M,,cuda,bfloat16,192,192,0-383,sdpa,True,False,none,2048,1,64,4012,10,0.04313796376809478,0.04295727820135653,0.04437930134590715,0.044510234887711705,0.04239305481314659,0.04454296827316284,10,0.043994491872569874,0.04400092073612743,0.044452689676028154,0.04463168241896682,0.043410423588717266,0.04467643060470148,10,22.731263741770068,22.72682543551649,22.967496182255267,23.022252836725222,22.383166839088663,23.03594200034271,10,2.8147909517399965,2.8155260179191828,2.844281272380613,2.855891768145375,2.7774223079904914,2.8587943920865655,1654906880,878889472,2019557376
gpu_rtx6000_ada_baseline,HKUSTQLAB-6000ADA::NVIDIA RTX 6000 Ada Generation,/data/main/hanxiao/SmolLM2-360M,,cuda,bfloat16,192,192,0-383,sdpa,True,False,none,2048,128,64,4012,10,2.9762795307207854,2.979344769148156,3.0624778810422866,3.0718865066673606,2.880529443733394,3.074238663073629,10,0.04738661526214508,0.04739281661911971,0.04743703296851544,0.04743709190260796,0.04727576301980113,0.04743710663613109,10,2701.1871206295887,2700.831255198261,2705.385942816253,2707.091938174176,2698.3095950988527,2707.5184370136567,10,5.961636292235926,5.966692824615166,6.049177480000071,6.059318143329583,5.8589025139808655,6.061853309161961,1551925248,17528932864,20319305728
gpu_rtx6000_ada_baseline,HKUSTQLAB-6000ADA::NVIDIA RTX 6000 Ada Generation,/data/main/hanxiao/SmolLM2-360M,,cuda,bfloat16,192,192,0-383,sdpa,True,False,none,2048,16,64,4012,10,0.3217371075414121,0.3221337329596281,0.32297546553891154,0.3229996873950586,0.3198161250911653,0.32300574285909534,10,0.04462630353749744,0.04464143886792636,0.0449486817118697,0.04498287817115881,0.04417198021999664,0.04499142728598109,10,358.54562509967997,358.4114481734991,361.73919484182875,362.12429762496555,355.62330348620554,362.22057332074974,10,3.1331942304037512,3.1350094131194055,3.152913582511246,3.154003551788628,3.1049758829176426,3.1542760441079736,1655144448,2845010432,3445620736
gpu_rtx6000_ada_baseline,HKUSTQLAB-6000ADA::NVIDIA RTX 6000 Ada Generation,/data/main/hanxiao/SmolLM2-360M,,cuda,bfloat16,192,192,0-383,sdpa,True,False,none,2048,2,64,4012,10,0.0426391570828855,0.04273395845666528,0.0434808136895299,0.04364830892533064,0.04119707690551877,0.043690182734280825,10,0.04504592810121794,0.04501894811937024,0.0457103134731629,0.045987315091437525,0.04457886367740612,0.04605656549600618,10,44.40266864555838,44.42584873295604,44.819646289131285,44.855377985150525,43.424861981370086,44.864310909155336,10,2.8805326274596155,2.879157904535532,2.9230233693961054,2.940807721065357,2.8496654885821044,2.9452538089826703,1655058432,1009543680,2019557376
gpu_rtx6000_ada_baseline,HKUSTQLAB-6000ADA::NVIDIA RTX 6000 Ada Generation,/data/main/hanxiao/SmolLM2-360M,,cuda,bfloat16,192,192,0-383,sdpa,True,False,none,2048,32,64,4012,10,0.6680527781136334,0.6684083198197186,0.6714659307152033,0.6714814519882202,0.6628543441183865,0.6714853323064744,10,0.04547963976593954,0.045468883962178276,0.045822224581599354,0.04594858391395223,0.045264462223424326,0.04598017374704045,10,703.6252931217101,703.7781111181375,706.6840160646243,706.9019009189133,695.9521331095384,706.9563721324855,10,3.5332700833678246,3.5303824830334634,3.557185757695697,3.5654825210152192,3.5212191459722817,3.5675567118451,1656524800,4942686720,6297747456
gpu_rtx6000_ada_baseline,HKUSTQLAB-6000ADA::NVIDIA RTX 6000 Ada Generation,/data/main/hanxiao/SmolLM2-360M,,cuda,bfloat16,192,192,0-383,sdpa,True,False,none,2048,4,64,4012,10,0.06344046336598694,0.06374410097487271,0.06482819514349103,0.06483795503154396,0.05952104413881898,0.0648403950035572,10,0.04472073554430926,0.044698500085533374,0.04509054372560174,0.04518885747869573,0.04444389646163299,0.045213435916969226,10,89.4464079086496,89.48846266523353,90.00024760470944,90.00093726404198,88.46927730388977,90.00110967887511,10,2.8808468026574703,2.8789192519616336,2.904195392667316,2.910459352689795,2.8623913628980517,2.912025342695415,1655123968,1271753216,2019557376
gpu_rtx6000_ada_baseline,HKUSTQLAB-6000ADA::NVIDIA RTX 6000 Ada Generation,/data/main/hanxiao/SmolLM2-360M,,cuda,bfloat16,192,192,0-383,sdpa,True,False,none,2048,64,64,4012,10,1.3796068088151514,1.3789840468671173,1.396003417042084,1.3988546593720095,1.3590119476430118,1.3995674699544907,10,0.04319702690053317,0.0431362301599057,0.04368891883345824,0.04385356282785772,0.042803516411887746,0.043894723826457586,10,1481.65861957622,1483.6741559224206,1494.2238150771807,1495.0081694822074,1458.034005477076,1495.204258083464,10,4.101019503548741,4.09520744998008,4.13652791895438,4.1522991032758725,4.076518930029124,4.156241899356246,1550372864,9138039296,10546577408
gpu_rtx6000_ada_baseline,HKUSTQLAB-6000ADA::NVIDIA RTX 6000 Ada Generation,/data/main/hanxiao/SmolLM2-360M,,cuda,bfloat16,192,192,0-383,sdpa,True,False,none,2048,8,64,4012,10,0.14260800457559525,0.1432369756512344,0.1444106406532228,0.14445740966126325,0.13894084887579083,0.14446910191327333,10,0.04442154304789645,0.044514356428639046,0.04474758929794743,0.044762930479787646,0.04371859318768931,0.0447667657752477,10,180.10133155300846,179.71762496301773,182.04177752442496,182.79915935632667,178.70399751825124,182.9885048143021,10,2.9411652165930717,2.9472705675289035,2.9621170319849623,2.962529673581012,2.8937317468225956,2.962632833980024,1655123968,1796172288,2019557376
gpu_rtx6000_ada_baseline,HKUSTQLAB-6000ADA::NVIDIA RTX 6000 Ada Generation,/data/main/hanxiao/SmolLM2-360M,,cuda,bfloat16,192,192,0-383,sdpa,True,False,none,4096,1,64,4012,10,0.04246475254185498,0.0424772328697145,0.042811668734066194,0.04287090884055942,0.04205389507114887,0.04288571886718273,10,0.043301716079521504,0.043297192832041115,0.04362464456612038,0.043646959262560056,0.042937541062692326,0.04365253793666997,10,23.09426275576726,23.096188600149205,23.240606577914225,23.279835666247088,22.90817549831296,23.289642938330307,10,2.77047286555171,2.770041022915393,2.7908247776329516,2.792150340080261,2.7475050296634436,2.7924817306920886,1660338176,1010084352,6297747456
gpu_rtx6000_ada_baseline,HKUSTQLAB-6000ADA::NVIDIA RTX 6000 Ada Generation,/data/main/hanxiao/SmolLM2-360M,,cuda,bfloat16,192,192,0-383,sdpa,True,False,none,4096,128,64,4012,10,6.718326536472887,6.741327950032428,6.89296101341024,6.9021415195055305,6.421223416924477,6.904436646029353,10,0.08902216066591562,0.0890424602465438,0.08908940948257665,0.0890922294288785,0.08892872396649586,0.08909293441545396,10,1437.84481211752,1437.5164436916095,1439.3237868797537,1439.348726026839,1436.7020329930592,1439.3549608136102,10,12.32672265842557,12.350488559575751,12.504186476487668,12.514670506659895,12.023733026813716,12.517291514202952,1554857984,34310883840,39885733888
gpu_rtx6000_ada_baseline,HKUSTQLAB-6000ADA::NVIDIA RTX 6000 Ada Generation,/data/main/hanxiao/SmolLM2-360M,,cuda,bfloat16,192,192,0-383,sdpa,True,False,none,4096,16,64,4012,10,0.7234449100680649,0.723653708351776,0.7259041476529091,0.7269146367069335,0.7193325301632285,0.7271672589704394,10,0.04468911678663322,0.044721874881476636,0.04480762485902579,0.04482312049672363,0.044494054538922176,0.04482699440614808,10,358.0309539033117,357.7668098330172,359.40212071974054,359.5593091689779,356.9277889798826,359.5986062812873,10,3.538859267625958,3.539934587664902,3.5476294541964304,3.5505402160855013,3.527444156818092,3.5512679065577686,1660538880,4943227392,6297747456
gpu_rtx6000_ada_baseline,HKUSTQLAB-6000ADA::NVIDIA RTX 6000 Ada Generation,/data/main/hanxiao/SmolLM2-360M,,cuda,bfloat16,192,192,0-383,sdpa,True,False,none,4096,2,64,4012,10,0.07017246824689209,0.07097776094451547,0.07180621607694775,0.0719207375170663,0.06539837596938014,0.07194936787709594,10,0.04445946408613097,0.04433245282797586,0.045183341208815814,0.04526181767931178,0.044056816603101435,0.045281436796935776,10,44.98799710254356,45.113679117202466,45.36728991537532,45.39019903166381,44.168209789123594,45.39592631073593,10,2.871118705673143,2.863219123566523,2.9167197258677335,2.9207067829649898,2.8458060598932207,2.9217035472393036,1660461056,1272293888,6297747456
gpu_rtx6000_ada_baseline,HKUSTQLAB-6000ADA::NVIDIA RTX 6000 Ada Generation,/data/main/hanxiao/SmolLM2-360M,,cuda,bfloat16,192,192,0-383,sdpa,True,False,none,4096,32,64,4012,10,1.5182633171323687,1.5184318406973034,1.5293907192535698,1.5297512718476356,1.5035285293124616,1.529841409996152,10,0.04575192034318451,0.045723158840297,0.04601012117687672,0.046078731753523394,0.0454327658720551,0.046095884397685055,10,699.433756724187,699.8641566736103,703.1433915652442,704.0986654164778,694.2051425659824,704.3374838792863,10,4.400634298752993,4.408086775336415,4.410184514080174,4.410338050932624,4.380557212047279,4.410376435145736,1661042688,9138579968,11330912256
gpu_rtx6000_ada_baseline,HKUSTQLAB-6000ADA::NVIDIA RTX 6000 Ada Generation,/data/main/hanxiao/SmolLM2-360M,,cuda,bfloat16,192,192,0-383,sdpa,True,False,none,4096,4,64,4012,10,0.15584000647068025,0.15616772277280688,0.15787943117320538,0.1581459414958954,0.15338946133852005,0.1582125690765679,10,0.04423970349339975,0.04425123665807029,0.044523392717487044,0.04456752055324614,0.04397809975558803,0.04457855251218591,10,90.41842277962516,90.39298014441539,90.9530526309805,90.95410003084199,89.72924813802707,90.95436188080737,10,2.9429413265548647,2.9447615714743733,2.9608950571389867,2.9634400146687403,2.9240983752533793,2.9640762540511787,1660538880,1796712960,6297747456
gpu_rtx6000_ada_baseline,HKUSTQLAB-6000ADA::NVIDIA RTX 6000 Ada Generation,/data/main/hanxiao/SmolLM2-360M,,cuda,bfloat16,192,192,0-383,sdpa,True,False,none,4096,64,64,4012,10,3.301686860574409,3.320925793144852,3.371754925348796,3.376020407979377,3.205163605045527,3.377086778637022,10,0.04865809556555062,0.048678708447527794,0.04877637664617468,0.048785866857801986,0.04852590922059284,0.04878823941070882,10,1315.3044423705776,1314.7431874549766,1318.8174291832122,1318.869939736374,1311.7915459345775,1318.8830673746645,10,6.367146881204098,6.385595394065604,6.441405624547042,6.444134498466737,6.264049387071282,6.4448167169466615,1553620992,17529473536,20319305728
gpu_rtx6000_ada_baseline,HKUSTQLAB-6000ADA::NVIDIA RTX 6000 Ada Generation,/data/main/hanxiao/SmolLM2-360M,,cuda,bfloat16,192,192,0-383,sdpa,True,False,none,4096,8,64,4012,10,0.34932693117298186,0.34931228146888316,0.35087997252121567,0.3510175074823201,0.345603727735579,0.35105189122259617,10,0.04417477644728644,0.04417888523774251,0.04437602948256961,0.04439801492986994,0.04392985796319351,0.04440351129169502,10,181.10110462007123,181.08200606861925,181.97391372202063,182.08157293075573,180.16593209141715,182.10848773293952,10,3.132337847352028,3.1306219513062388,3.1456513710552825,3.147551126559265,3.118632942903787,3.1480260654352605,1660538880,2845551104,6297747456
gpu_rtx6000_ada_baseline,HKUSTQLAB-6000ADA::NVIDIA RTX 6000 Ada Generation,/data/main/hanxiao/SmolLM2-360M,,cuda,bfloat16,192,192,0-383,sdpa,True,False,none,512,1,64,4012,10,0.04372870456427336,0.043256272561848164,0.04584724400192499,0.045893310271203525,0.04259378695860505,0.04590482683852315,10,0.043492199710407665,0.043434324944096186,0.04385645981833693,0.04396680233689646,0.04314089537642542,0.04399438796653634,10,22.993330497580036,23.023266796571328,23.174417380581772,23.178773050489085,22.73017187466353,23.179861967965913,10,2.783737286319956,2.7797880773432553,2.8076159137533976,2.8154618282476442,2.7608921257779,2.8174233068712056,1653219328,779704832,1155530752
gpu_rtx6000_ada_baseline,HKUSTQLAB-6000ADA::NVIDIA RTX 6000 Ada Generation,/data/main/hanxiao/SmolLM2-360M,,cuda,bfloat16,192,192,0-383,sdpa,True,False,none,512,128,64,4012,10,0.618478016462177,0.619361484888941,0.622084349906072,0.622201388431713,0.6130982488393784,0.6222306480631232,10,0.04341774751979207,0.04342125234977594,0.043624448948096306,0.04369931440157373,0.043221039645787745,0.04371803076494308,10,2948.136496692905,2947.8743517245634,2959.853622595094,2961.1872181342933,2927.8537427317415,2961.520617019093,10,3.3537961102090774,3.352341723861173,3.365277089877054,3.3669227676000446,3.3440062017180026,3.3673341870307922,1551372288,4942281216,5660213248
gpu_rtx6000_ada_baseline,HKUSTQLAB-6000ADA::NVIDIA RTX 6000 Ada Generation,/data/main/hanxiao/SmolLM2-360M,,cuda,bfloat16,192,192,0-383,sdpa,True,False,none,512,16,64,4012,10,0.05820675208233297,0.058024735655635595,0.05932206900324673,0.05940502520184964,0.05739797279238701,0.05942576425150037,10,0.044964551617435754,0.04505297239677655,0.04514382538156554,0.04517941647778369,0.0444208507293037,0.045188314251838224,10,355.84325468011247,355.1375344338544,358.5722728467716,359.86742304809735,354.0738411003932,360.1912105984288,10,2.890973503980786,2.8968424289487302,2.9022796526318415,2.904734790693037,2.8561940523795784,2.905348575208336,1653264384,1271347712,1386217472
gpu_rtx6000_ada_baseline,HKUSTQLAB-6000ADA::NVIDIA RTX 6000 Ada Generation,/data/main/hanxiao/SmolLM2-360M,,cuda,bfloat16,192,192,0-383,sdpa,True,False,none,512,2,64,4012,10,0.04204831635579467,0.04160767304711044,0.04434269913472235,0.04491929796524346,0.04121102998033166,0.045063447672873735,10,0.044716677001662666,0.04473470789306457,0.045063969990356806,0.04512588405434693,0.04424598930580985,0.04514136257034446,10,44.727715251540616,44.708162659248,45.13934182382758,45.18933802795841,44.30526431016278,45.20183707899111,10,2.859198967460543,2.85958395130001,2.88202385394834,2.8848292115610095,2.8287367383018136,2.8855305509641767,1653260288,813136384,1155530752
gpu_rtx6000_ada_baseline,HKUSTQLAB-6000ADA::NVIDIA RTX 6000 Ada Generation,/data/main/hanxiao/SmolLM2-360M,,cuda,bfloat16,192,192,0-383,sdpa,True,False,none,512,32,64,4012,10,0.13304926832206548,0.13282447261735797,0.1352970242500305,0.1354804377257824,0.12981391185894608,0.13552629109472036,10,0.045685415449626156,0.04556528409011662,0.04642917600881663,0.046469897979293906,0.04517914198841604,0.046480078471913225,10,700.4989759420897,702.2895575984255,707.1861281454226,708.0703858286265,688.4669960128579,708.2914502494275,10,3.011230441648513,3.003646850120276,3.0599399488186463,3.063004977623932,2.9788685459643602,3.0637712348252535,1653411840,1795766784,2019557376
gpu_rtx6000_ada_baseline,HKUSTQLAB-6000ADA::NVIDIA RTX 6000 Ada Generation,/data/main/hanxiao/SmolLM2-360M,,cuda,bfloat16,192,192,0-383,sdpa,True,False,none,512,4,64,4012,10,0.042747744079679253,0.04244785802438855,0.04457829326856881,0.045130966962315146,0.0414022752083838,0.045269135385751724,10,0.04499057250703492,0.044441642997313346,0.047661051527404824,0.049659755800126326,0.04420546474792655,0.0501594318683067,10,89.02658548491381,90.00572622638356,90.40552088928659,90.47034424687155,79.74571981799907,90.48655008626778,10,2.87715381202288,2.843880472704768,3.0447803535265843,3.1707815994461996,2.827381411101669,3.2022819109261036,1653264384,878483968,1155530752
gpu_rtx6000_ada_baseline,HKUSTQLAB-6000ADA::NVIDIA RTX 6000 Ada Generation,/data/main/hanxiao/SmolLM2-360M,,cuda,bfloat16,192,192,0-383,sdpa,True,False,none,512,64,64,4012,10,0.3005369103047997,0.30057218321599066,0.30134107659105214,0.3014261929737404,0.29959695506840944,0.30144747206941247,10,0.04457001692083265,0.04445423798946043,0.04500117900685245,0.04501791589265127,0.04411395622180805,0.04502210011410098,10,1436.0114586932257,1439.6827714736446,1449.0205024928684,1450.4345309810005,1421.524092341377,1450.7880381030336,10,3.1084479763172568,3.1011891765519977,3.13499027362559,3.135863519576378,3.0803459831513464,3.1360818310640752,1547796480,2844604928,3214934016
gpu_rtx6000_ada_baseline,HKUSTQLAB-6000ADA::NVIDIA RTX 6000 Ada Generation,/data/main/hanxiao/SmolLM2-360M,,cuda,bfloat16,192,192,0-383,sdpa,True,False,none,512,8,64,4012,10,0.043510389514267445,0.04316404298879206,0.04505160672124475,0.04512272297870368,0.04203453008085489,0.04514050204306841,10,0.045513279920828244,0.04485598054256231,0.04854810062337607,0.05075999123251272,0.04462544530600546,0.051312963884796885,10,176.05983442304964,178.3486760041178,178.99207341361262,179.21435050395505,155.90602051288363,179.26991977654063,10,2.910847024526447,2.8701880315784365,3.101563566131517,3.24078659391962,2.854022127110511,3.2755923508666456,1653264384,1009138176,1155530752
